﻿<?xml version="1.0" encoding="UTF-8"?>
<wps:Capabilities service="WPS" version="1.0.0" xml:lang="en-US" xmlns:xlink="http://www.w3.org/1999/xlink" xmlns:wps="http://www.opengis.net/wps/1.0.0" xmlns:ows="http://www.opengis.net/ows/1.1" xmlns:xsi="http://www.w3.org/2001/XMLSchema-instance" xsi:schemaLocation="http://www.opengis.net/wps/1.0.0 ../wpsGetCapabilities_response.xsd" updateSequence="1">
	<ows:ServiceIdentification>
		<ows:Title>SuperMap WPS</ows:Title>
		<ows:Abstract>This is SuperMap Web Processing Service.</ows:Abstract>
		<ows:Keywords>
			<ows:Keyword>SuperMap</ows:Keyword>
			<ows:Keyword>iServer</ows:Keyword>
			<ows:Keyword>WPS</ows:Keyword>
			<ows:Keyword>geospatial</ows:Keyword>
			<ows:Keyword>geoprocessing</ows:Keyword>
		</ows:Keywords>
		<ows:ServiceType>WPS</ows:ServiceType>
		<ows:ServiceTypeVersion>1.0.0</ows:ServiceTypeVersion>		
	</ows:ServiceIdentification>
	<ows:ServiceProvider>
		<ows:ProviderName>北京超图软件股份有限公司</ows:ProviderName>
		<ows:ProviderSite xlink:href="http://www.supermap.com.cn"/>
		<ows:ServiceContact>
			<ows:IndividualName>联系人姓名</ows:IndividualName>
			<ows:PositionName>北京超图软件股份有限公司</ows:PositionName>
			<ows:ContactInfo>
				<ows:Phone>
					<ows:Voice>+86-10-59896655</ows:Voice>
					<ows:Facsimile>86-10-59896666</ows:Facsimile>
				</ows:Phone>
				<ows:Address>
					<ows:DeliveryPoint>北京市朝阳区酒仙桥北路甲10号院电子城IT产业园107号楼6层</ows:DeliveryPoint>
					<ows:City>北京</ows:City>
					<ows:AdministrativeArea>北京</ows:AdministrativeArea>
					<ows:PostalCode>100015</ows:PostalCode>
					<ows:Country>中国</ows:Country>
					<ows:ElectronicMailAddress>support@supermap.com</ows:ElectronicMailAddress>
				</ows:Address>
			</ows:ContactInfo>
		</ows:ServiceContact>
	</ows:ServiceProvider>
	<ows:OperationsMetadata>
		<ows:Operation name="GetCapabilities">
			<ows:DCP>
				<ows:HTTP>
					<ows:Get xlink:href="http://"/>
				</ows:HTTP>
			</ows:DCP>
		</ows:Operation>
		<ows:Operation name="DescribeProcess">
			<ows:DCP>
				<ows:HTTP>
					<ows:Get xlink:href="http://"/>					
				</ows:HTTP>
			</ows:DCP>
		</ows:Operation>
		<ows:Operation name="Execute">
			<ows:DCP>
				<ows:HTTP>
					<ows:Post xlink:href="http://"/>
				</ows:HTTP>
			</ows:DCP>
		</ows:Operation>
	</ows:OperationsMetadata>
	<wps:ProcessOfferings/>
	<wps:Languages>
		<wps:Default>
			<ows:Language>en-US</ows:Language>
		</wps:Default>
		<wps:Supported>
			<ows:Language>en-US</ows:Language>
			<ows:Language>zh-CN</ows:Language>
		</wps:Supported>
	</wps:Languages> 
</wps:Capabilities>
